{
  "hash": "82f6cce7",
  "configHash": "2d1be960",
  "lockfileHash": "72e05093",
  "browserHash": "53aafe73",
  "optimized": {
    "@angular/common": {
      "src": "../../../../../../node_modules/@angular/common/fesm2022/common.mjs",
      "file": "@angular_common.js",
      "fileHash": "2b19372e",
      "needsInterop": false
    },
    "@angular/common/http": {
      "src": "../../../../../../node_modules/@angular/common/fesm2022/http.mjs",
      "file": "@angular_common_http.js",
      "fileHash": "8b392e54",
      "needsInterop": false
    },
    "@angular/core": {
      "src": "../../../../../../node_modules/@angular/core/fesm2022/core.mjs",
      "file": "@angular_core.js",
      "fileHash": "1f371b32",
      "needsInterop": false
    },
    "@angular/forms": {
      "src": "../../../../../../node_modules/@angular/forms/fesm2022/forms.mjs",
      "file": "@angular_forms.js",
      "fileHash": "d79101ff",
      "needsInterop": false
    },
    "@angular/platform-browser": {
      "src": "../../../../../../node_modules/@angular/platform-browser/fesm2022/platform-browser.mjs",
      "file": "@angular_platform-browser.js",
      "fileHash": "5337e490",
      "needsInterop": false
    },
    "@angular/router": {
      "src": "../../../../../../node_modules/@angular/router/fesm2022/router.mjs",
      "file": "@angular_router.js",
      "fileHash": "b06e1084",
      "needsInterop": false
    }
  },
  "chunks": {
    "chunk-44E6RDMB": {
      "file": "chunk-44E6RDMB.js"
    },
    "chunk-UU67A755": {
      "file": "chunk-UU67A755.js"
    },
    "chunk-GXYBOUXQ": {
      "file": "chunk-GXYBOUXQ.js"
    },
    "chunk-N4DX67WA": {
      "file": "chunk-N4DX67WA.js"
    }
  }
}